City,Lat,Lng,Max_Temp,Humidity,Cloudiness,Wind_Speed,Country,Date
sambava,-14.2667,50.1667,299.32,61,52,6.28,MG,1621775613
portland,45.5234,-122.6762,285.48,83,90,1.34,US,1621775550
vaini,-21.2,-175.2,295.24,94,90,2.57,TO,1621775615
davila,18.4726,120.5763,301.82,78,4,4.03,PH,1621775617
fortuna,40.5982,-124.1573,280.18,65,1,2.57,US,1621775618
ketchikan,55.3422,-131.6461,281.41,93,90,2.06,US,1621775619
saskylakh,71.9167,114.0833,275.0,99,100,5.05,RU,1621775620
ixtapa,20.7,-105.2,294.39,88,1,1.54,MX,1621775330
kavaratti,10.5669,72.642,301.9,73,100,3.96,IN,1621775623
butaritari,3.0707,172.7902,301.28,81,100,7.96,KI,1621775624
bluff,-46.6,168.3333,283.04,71,62,5.6,NZ,1621775625
champerico,14.3,-91.9167,300.57,72,100,0.45,GT,1621775627
khatanga,71.9667,102.5,275.83,91,100,2.75,RU,1621775628
punta arenas,-53.15,-70.9167,275.21,84,75,3.66,CL,1621775585
mahebourg,-20.4081,57.7,297.73,73,29,6.91,MU,1621775630
avarua,-21.2078,-159.775,299.18,83,75,6.17,CK,1621775632
cherskiy,68.75,161.3,273.26,76,24,0.74,RU,1621775633
pak thong chai,14.7226,102.0251,305.23,66,65,3.85,TH,1621775634
zhaotong,27.3167,103.7167,286.0,89,100,2.51,CN,1621775636
beloha,-25.1667,45.05,296.65,55,25,5.66,MG,1621775637
hermanus,-34.4187,19.2345,296.37,48,9,1.12,ZA,1621775638
matina,10.0761,-83.2895,298.08,84,97,1.11,CR,1621775639
mount gambier,-37.8333,140.7667,285.49,65,100,3.65,AU,1621775641
torbay,47.6666,-52.7314,286.42,84,100,11.1,CA,1621775642
aljezur,37.3191,-8.8033,291.48,53,0,9.92,PT,1621775643
provideniya,64.3833,-173.3,274.78,87,100,2.62,RU,1621775645
cantapoy,9.4906,125.4364,300.28,81,0,3.18,PH,1621775646
jamestown,42.097,-79.2353,296.77,78,90,3.6,US,1621775526
rikitea,-23.1203,-134.9692,296.44,76,97,4.43,PF,1621775648
dutlwe,-23.9833,23.9,296.27,26,0,4.39,BW,1621775650
dikson,73.5069,80.5464,273.17,98,100,7.23,RU,1621775651
richards bay,-28.783,32.0377,295.57,57,15,4.88,ZA,1621775559
hithadhoo,-0.6,73.0833,302.43,69,70,4.34,MV,1621775653
mwene-ditu,-7.0,23.45,303.32,31,7,2.23,CD,1621775655
evensk,61.95,159.2333,275.14,88,82,0.34,RU,1621775656
hilo,19.7297,-155.09,294.88,93,90,0.0,US,1621775655
albany,42.6001,-73.9662,296.18,61,100,3.67,US,1621775525
atuona,-9.8,-139.0333,299.51,79,76,7.83,PF,1621775661
codroipo,45.96,12.9792,297.41,73,100,4.96,IT,1621775662
port alfred,-33.5906,26.891,296.63,35,15,4.35,ZA,1621775665
dudinka,69.4058,86.1778,276.71,99,100,6.31,RU,1621775667
tabou,4.423,-7.3528,301.59,77,37,2.63,CI,1621775669
tyumentsevo,53.3224,81.498,299.17,41,94,2.63,RU,1621775670
port lincoln,-34.7333,135.8667,292.57,42,100,6.59,AU,1621775672
ushuaia,-54.8,-68.3,275.8,94,64,2.88,AR,1621775673
san policarpo,12.1791,125.5072,301.12,79,5,3.0,PH,1621775674
svetlyy,54.675,20.1347,287.18,70,68,6.07,RU,1621775675
mataura,-46.1927,168.8643,282.86,97,92,0.96,NZ,1621775677
tuktoyaktuk,69.4541,-133.0374,270.73,94,90,3.71,CA,1621775678
cape town,-33.9258,18.4232,300.01,32,24,1.13,ZA,1621775284
busselton,-33.65,115.3333,282.09,73,99,9.16,AU,1621775680
hobart,-42.8794,147.3294,282.62,90,20,2.17,AU,1621775682
nsanje,-16.92,35.262,295.75,77,74,4.77,MW,1621775683
ayan,56.45,138.1667,273.94,98,100,4.55,RU,1621775684
awbari,26.5921,12.7805,314.08,6,0,4.91,LY,1621775686
banyo,6.75,11.8167,302.24,50,65,2.55,CM,1621775688
puerto ayora,-0.7393,-90.3518,296.79,90,100,2.24,EC,1621775391
sao francisco,-15.9486,-44.8644,303.3,29,83,0.96,BR,1621775583
la asuncion,11.0333,-63.8628,300.03,81,99,5.87,VE,1621775691
flin flon,54.7682,-101.865,277.86,79,0,3.82,CA,1621775695
pevek,69.7008,170.3133,269.61,91,83,1.3,RU,1621775696
vanderhoof,54.0166,-124.0198,280.33,84,10,1.88,CA,1621775407
longyearbyen,78.2186,15.6401,270.06,59,0,2.06,SJ,1621775699
vanimo,-2.6741,141.3028,299.36,89,100,2.1,PG,1621775700
port elizabeth,-33.918,25.5701,296.31,35,0,3.09,ZA,1621775701
aykhal,66.0,111.5,275.75,78,79,3.78,RU,1621775704
severo-kurilsk,50.6789,156.125,280.62,60,58,1.69,RU,1621775705
ati,13.2154,18.3353,314.84,5,89,4.57,TD,1621775706
moses lake,47.1301,-119.2781,280.71,75,1,0.0,US,1621775709
sola,-13.8833,167.55,299.73,74,100,7.52,VU,1621775710
akureyri,65.6835,-18.0878,276.11,87,90,4.12,IS,1621775711
girne,35.3417,33.3167,301.9,34,2,4.26,CY,1621775712
tiznit,29.5833,-9.5,300.16,30,61,4.84,MA,1621775714
atambua,-9.1061,124.8925,295.18,87,40,2.25,ID,1621775715
yichang,30.7144,111.2847,291.44,88,100,1.66,CN,1621775716
salta,-24.7859,-65.4117,283.47,71,0,0.45,AR,1621775718
ponta do sol,32.6667,-17.1,294.5,52,56,2.86,PT,1621775719
yellowknife,62.456,-114.3525,283.89,57,20,3.09,CA,1621775720
urengoy,65.9667,78.3667,283.45,81,100,7.17,RU,1621775721
sorong,-0.8833,131.25,300.05,84,100,2.56,ID,1621775723
axim,4.8699,-2.2405,301.79,74,92,4.04,GH,1621775724
lensk,60.7253,114.9278,280.83,47,85,0.49,RU,1621775725
chuy,-33.6971,-53.4616,286.07,86,67,6.24,UY,1621775727
tromso,69.6496,18.957,280.51,42,20,4.63,NO,1621775728
vila franca do campo,37.7167,-25.4333,289.38,52,8,1.69,PT,1621775729
hobyo,5.3505,48.5268,300.78,69,95,11.29,SO,1621775731
bitung,1.4451,125.1824,298.62,80,76,1.2,ID,1621775732
erenhot,43.6475,111.9767,282.78,16,5,8.03,CN,1621775733
pimenta bueno,-11.6725,-61.1936,298.81,87,92,1.05,BR,1621775735
dobson,36.3957,-80.7226,298.86,53,47,2.44,US,1621775738
kijang,35.2442,129.2139,296.0,67,100,3.4,KR,1621775739
miami,25.7743,-80.1937,299.83,63,40,1.34,US,1621775085
westfield,42.1251,-72.7495,299.33,69,75,2.68,US,1621775641
lavrentiya,65.5833,-171.0,270.4,95,99,1.45,RU,1621775743
faanui,-16.4833,-151.75,300.43,72,59,6.51,PF,1621775744
ivolginsk,51.7492,107.2837,279.96,52,20,2.31,RU,1621775746
beyneu,45.3167,55.2,307.39,12,0,8.98,KZ,1621775748
port hardy,50.6996,-127.4199,282.15,100,75,1.54,CA,1621775728
upernavik,72.7868,-56.1549,270.41,82,96,1.32,GL,1621775750
fairbanks,64.8378,-147.7164,278.2,89,90,3.09,US,1621775748
araouane,18.9048,-3.5265,316.23,9,84,5.86,ML,1621775753
caronport,50.4501,-105.8179,281.31,77,100,4.7,CA,1621775755
thompson,55.7435,-97.8558,279.26,60,15,3.36,CA,1621775605
dwarka,22.2394,68.9678,303.87,67,1,5.57,IN,1621775757
sao joao da barra,-21.6403,-41.0511,299.77,61,100,4.17,BR,1621775522
katsuura,35.1333,140.3,293.23,89,100,4.04,JP,1621775760
pitimbu,-7.4706,-34.8086,302.48,64,17,5.81,BR,1621775761
olutanga,7.3106,122.8464,302.02,75,14,4.99,PH,1621775762
tasiilaq,65.6145,-37.6368,274.24,86,100,1.61,GL,1621775764
soubre,5.7856,-6.6083,308.82,41,92,1.19,CI,1621775765
reyes,-14.3167,-67.3833,294.69,99,100,1.94,BO,1621775766
imbituba,-28.24,-48.6703,295.09,59,11,2.06,BR,1621775767
barrow,71.2906,-156.7887,272.16,86,90,7.72,US,1621775769
mar del plata,-38.0023,-57.5575,287.04,42,90,7.15,AR,1621775770
winnemucca,40.973,-117.7357,278.18,95,90,3.16,US,1621775598
broome,42.2506,-75.833,297.35,88,75,0.89,US,1621775772
chokurdakh,70.6333,147.9167,271.58,90,100,1.86,RU,1621775774
bowen,-20.0167,148.2333,293.52,85,2,5.81,AU,1621775775
basar,27.9833,94.6667,296.88,90,8,0.05,IN,1621775777
kibre mengist,5.8833,38.9833,293.93,71,100,2.86,ET,1621775779
san patricio,28.017,-97.5169,298.2,91,71,2.77,US,1621775780
san cristobal,7.7669,-72.225,295.25,61,100,3.06,VE,1621775781
sitka,57.0531,-135.33,280.09,81,90,3.09,US,1621775783
maputo,-25.9653,32.5892,297.72,63,20,3.6,MZ,1621775784
guerrero negro,27.9769,-114.0611,286.97,79,0,5.47,MX,1621775785
hit,33.6416,42.8251,306.23,14,95,6.89,IQ,1621775786
umm kaddadah,13.6017,26.6876,311.52,6,0,7.17,SD,1621775788
sturgis,41.7992,-85.4192,297.12,88,40,3.09,US,1621775618
bambous virieux,-20.3428,57.7575,297.71,72,75,6.77,MU,1621775790
namatanai,-3.6667,152.4333,298.92,89,100,4.73,PG,1621775791
east london,-33.0153,27.9116,295.67,40,0,3.6,ZA,1621775793
komsomolskiy,40.4272,71.7189,301.55,24,100,2.06,UZ,1621775794
lekoni,-1.5843,14.2591,302.98,58,64,1.05,GA,1621775795
talnakh,69.4865,88.3972,276.53,100,100,4.28,RU,1621775797
sinnamary,5.3833,-52.95,300.16,86,20,4.65,GF,1621775799
saint-georges,12.0564,-61.7485,301.97,79,100,8.75,GD,1621775800
youghal,51.95,-7.8506,284.31,78,100,7.38,IE,1621775802
bijie,27.3125,105.2942,286.45,93,100,1.64,CN,1621775803
ereymentau,51.6199,73.1033,301.45,31,8,0.9,KZ,1621775804
puerto escondido,15.85,-97.0667,299.61,78,1,3.6,MX,1621775805
seymchan,62.8833,152.4333,279.19,78,57,2.06,RU,1621775807
anadyr,64.75,177.4833,274.43,86,0,2.68,RU,1621775808
mount isa,-20.7333,139.5,289.02,51,5,0.0,AU,1621775809
xuddur,4.1213,43.8894,302.19,46,90,7.17,SO,1621775811
iqaluit,63.7506,-68.5145,264.0,66,75,10.73,CA,1621775812
klaksvik,62.2266,-6.589,282.66,76,100,4.31,FO,1621775813
tacuarembo,-31.7333,-55.9833,283.49,88,100,10.21,UY,1621775814
homer,59.6425,-151.5483,280.95,92,1,1.54,US,1621775816
souillac,-20.5167,57.5167,297.79,76,75,6.8,MU,1621775818
tuatapere,-46.1333,167.6833,283.05,88,100,1.04,NZ,1621775819
les cayes,18.2,-73.75,300.52,66,100,2.16,HT,1621775821
vila velha,-20.3297,-40.2925,301.12,65,0,3.09,BR,1621775523
lorengau,-2.0226,147.2712,300.49,79,100,2.63,PG,1621775823
kapaa,22.0752,-159.319,296.33,79,40,3.5,US,1621775825
foam lake,51.65,-103.5343,280.16,87,100,3.65,CA,1621775826
belen,36.4891,36.2233,297.23,37,20,6.99,TR,1621775827
bethel,41.3712,-73.414,299.22,72,1,0.45,US,1621775684
grindavik,63.8424,-22.4338,284.57,58,40,1.43,IS,1621775830
feodosiya,45.0333,35.3833,293.78,59,74,4.11,UA,1621775768
derby,52.9228,-1.4766,287.22,70,75,8.34,GB,1621775603
coahuayana,18.7333,-103.6833,302.86,26,0,1.39,MX,1621775834
puerto colombia,10.9878,-74.9547,301.2,81,100,4.65,CO,1621775837
frome,51.2283,-2.3221,285.71,84,100,8.71,GB,1621775838
chapais,49.7834,-74.8492,278.52,64,6,5.95,CA,1621775842
xingyi,24.1877,102.817,294.4,70,88,2.46,CN,1621775843
port moresby,-9.4431,147.1797,297.07,79,100,5.39,PG,1621775601
hervey bay,-25.2986,152.8535,290.95,87,0,0.45,AU,1621775846
rexburg,43.826,-111.7897,278.74,87,90,5.66,US,1621775847
nola,40.922,14.5329,298.91,40,43,2.24,IT,1621775848
quesnel,52.9999,-122.5029,284.43,71,75,3.6,CA,1621775728
kenai,60.5544,-151.2583,273.18,93,1,1.54,US,1621775851
otavi,-19.65,17.3333,298.1,22,0,5.91,NA,1621775852
hasaki,35.7333,140.8333,290.53,83,98,3.09,JP,1621775853
bosaso,11.2842,49.1816,305.58,59,25,3.86,SO,1621775855
ambilobe,-13.2,49.05,300.37,59,32,2.7,MG,1621775857
mizdah,31.4451,12.9801,308.93,13,0,4.57,LY,1621775858
kamenka,51.3223,42.7678,292.12,92,100,3.31,RU,1621775859
kavieng,-2.5744,150.7967,300.5,82,86,6.09,PG,1621775861
nikolskoye,59.7035,30.7861,289.09,92,100,3.88,RU,1621775862
marsa matruh,31.3525,27.2453,296.72,46,0,6.93,EG,1621775863
itaituba,-4.2761,-55.9836,305.24,62,0,3.09,BR,1621775865
sorland,67.667,12.6934,282.19,70,0,7.72,NO,1621775866
larsnes,62.2028,5.5773,291.4,79,98,2.25,NO,1621775867
atasu,48.6814,71.6433,300.28,25,6,6.76,KZ,1621775868
tessalit,20.1986,1.0114,314.4,12,12,2.69,ML,1621775871
esperance,-33.8667,121.9,288.18,54,88,7.4,AU,1621775873
jalu,29.0331,21.5482,306.63,12,0,3.77,LY,1621775874
meulaboh,4.1363,96.1285,300.71,79,95,2.09,ID,1621775876
norman wells,65.282,-126.8329,281.17,93,90,1.54,CA,1621775877
rawson,-43.3002,-65.1023,282.66,69,0,3.54,AR,1621775878
ribeira grande,38.5167,-28.7,291.37,59,20,6.69,PT,1621775880
airai,-8.9266,125.4092,288.58,91,57,0.96,TL,1621775882
vardo,70.3705,31.1107,275.72,53,8,2.46,NO,1621775883
cidreira,-30.1811,-50.2056,288.42,60,0,11.73,BR,1621775885
akdepe,42.0551,59.3788,308.2,10,0,7.25,TM,1621775886
bredasdorp,-34.5322,20.0403,299.77,50,18,2.33,ZA,1621775887
dingle,10.9995,122.6711,299.3,84,0,1.81,PH,1621775889
college,64.8569,-147.8028,277.14,89,40,0.0,US,1621775890
shitkino,56.3703,98.3543,281.91,81,88,2.42,RU,1621775891
bengkulu,-3.8004,102.2655,299.6,81,70,1.63,ID,1621775894
pincehely,46.681,18.4394,284.79,74,100,8.1,HU,1621775895
new norfolk,-42.7826,147.0587,282.43,75,5,0.91,AU,1621775896
arlit,18.7369,7.3853,315.24,5,13,1.84,NE,1621775898
iquique,-20.2208,-70.1431,289.17,67,32,1.44,CL,1621775899
buzmeyin,38.0507,58.2056,310.0,9,20,5.8,TM,1621775900
tarrafal,15.2833,-23.7667,300.59,77,74,4.82,CV,1621775902
georgetown,5.4112,100.3354,304.12,70,20,1.54,MY,1621775840
los llanos de aridane,28.6585,-17.9182,294.01,64,20,8.95,ES,1621775904
castro,-24.7911,-50.0119,288.55,73,19,4.3,BR,1621775905
ilulissat,69.2167,-51.1,275.16,48,20,3.6,GL,1621775907
narsaq,60.9167,-46.05,277.27,60,100,1.89,GL,1621775908
port blair,11.6667,92.75,301.23,81,100,10.27,IN,1621775909
carnarvon,-24.8667,113.6333,290.19,94,40,3.09,AU,1621775912
codrington,-38.2667,141.9667,284.38,74,99,4.51,AU,1621775913
kot diji,27.3427,68.7083,308.16,18,0,2.35,PK,1621775914
ostrovnoy,68.0531,39.5131,275.95,53,82,5.19,RU,1621775915
pampas,-12.4,-74.9,283.27,70,96,0.32,PE,1621775917
qaanaaq,77.484,-69.3632,269.93,74,100,3.54,GL,1621775918
remontnoye,46.5614,43.6501,303.42,57,100,7.25,RU,1621775919
lebu,-37.6167,-73.65,282.56,81,22,2.52,CL,1621775921
along,28.1667,94.7667,298.88,85,4,0.27,IN,1621775922
palmer,42.1584,-72.3287,298.93,60,75,0.45,US,1621775923
svetlaya,46.5389,138.3297,282.54,91,26,0.75,RU,1621775924
carbonia,39.1672,8.5222,298.68,42,94,1.86,IT,1621775926
wad madani,14.4012,33.5199,314.59,6,0,3.8,SD,1621775927
hinton,53.4001,-117.5857,271.17,64,6,1.8,CA,1621775728
mokrousovo,55.8103,66.7653,295.73,65,31,8.12,RU,1621775929
clyde river,70.4692,-68.5914,265.28,86,90,5.66,CA,1621775931
lompoc,34.6391,-120.4579,284.32,79,90,2.06,US,1621775932
khasan,42.4308,130.6434,285.19,97,100,1.61,RU,1621775933
aurillac,44.9167,2.45,288.03,58,75,1.54,FR,1621775935
buraydah,26.326,43.975,312.33,10,64,8.06,SA,1621775691
cabo san lucas,22.8909,-109.9124,298.37,62,75,3.72,MX,1621775937
bratsk,56.1325,101.6142,285.42,52,97,1.95,RU,1621775839
kaitangata,-46.2817,169.8464,284.22,91,80,2.69,NZ,1621775939
ca mau,9.1769,105.15,298.5,88,100,2.08,VN,1621775924
ovalle,-30.5983,-71.2003,292.22,13,92,1.23,CL,1621775943
talara,-4.5772,-81.2719,293.57,83,90,8.75,PE,1621775944
zhigansk,66.7697,123.3711,279.18,41,5,2.83,RU,1621775945
nanortalik,60.1432,-45.2371,274.68,75,100,5.25,GL,1621775947
poum,-20.2333,164.0167,296.56,65,5,8.06,NC,1621775948
owando,-0.4819,15.8999,303.4,61,100,1.27,CG,1621775949
contamana,-7.3333,-75.0167,299.6,76,92,1.15,PE,1621775951
halifax,44.6453,-63.5724,292.88,80,100,0.45,CA,1621775363
bilibino,68.0546,166.4372,268.15,93,19,2.34,RU,1621775953
gumdag,39.2061,54.5906,311.25,7,1,8.15,TM,1621775954
alice springs,-23.7,133.8833,286.9,35,6,2.76,AU,1621775956
tazovskiy,67.4667,78.7,277.73,98,100,5.19,RU,1621775957
torit,4.4133,32.5678,304.79,49,72,2.95,SS,1621775958
noumea,-22.2763,166.4572,295.37,99,51,2.51,NC,1621775960
shangzhi,45.2167,127.9667,283.75,95,100,4.56,CN,1621775961
ballina,-28.8667,153.5667,287.56,80,75,3.91,AU,1621775962
coihaique,-45.5752,-72.0662,280.12,93,90,3.09,CL,1621775963
calvinia,-31.4707,19.776,293.71,15,57,7.28,ZA,1621775965
gijon,43.5357,-5.6615,290.84,55,8,2.24,ES,1621775782
touros,-5.1989,-35.4608,300.65,69,52,7.07,BR,1621775967
arraial do cabo,-22.9661,-42.0278,300.13,69,0,0.0,BR,1621775739
portsmouth,50.799,-1.0913,286.73,89,100,3.58,GB,1621775859
husavik,66.0449,-17.3389,276.1,99,100,4.98,IS,1621775971
haines junction,60.7522,-137.5108,275.12,93,100,1.03,CA,1621775972
labuhan,-6.8844,112.2051,300.42,77,95,2.52,ID,1621775973
faya,18.3851,42.4509,299.44,30,7,5.61,SA,1621775974
geilo,60.5333,8.2076,280.76,92,100,1.57,NO,1621775976
darhan,49.4867,105.9228,280.89,45,98,2.7,MN,1621775978
potosi,-19.5836,-65.7531,279.19,11,6,2.23,BO,1621775979
brownsville,25.9018,-97.4975,299.21,88,1,1.79,US,1621775696
luderitz,-26.6481,15.1594,298.95,33,0,3.93,NA,1621775982
camocim,-2.9022,-40.8411,302.37,62,14,5.79,BR,1621775983
hovd,48.0056,91.6419,288.4,31,30,1.3,MN,1621775984
kodiak,57.79,-152.4072,274.88,87,1,3.09,US,1621775986
saldanha,-33.0117,17.9442,295.82,33,2,8.59,ZA,1621775987
nenagh,52.8619,-8.1967,285.89,67,95,5.18,IE,1621775988
dokka,60.84,10.0618,284.85,88,100,3.23,NO,1621775990
blyth,55.1271,-1.5086,287.51,55,40,7.0,GB,1621775992
plettenberg bay,-34.0527,23.3716,294.44,40,49,1.79,ZA,1621775993
polovinnoye,54.7914,65.9864,305.66,24,84,6.09,RU,1621775996
ramsar,36.9226,50.6426,297.84,88,75,1.03,IR,1621775997
saint-joseph,-21.3667,55.6167,298.35,74,41,5.66,RE,1621775998
nicoya,10.1483,-85.452,299.9,76,100,1.73,CR,1621776000
mareeba,-17.0,145.4333,292.55,98,17,1.16,AU,1621776001
kosh-agach,50.0,88.6667,283.8,58,10,2.7,RU,1621776002
osakarovka,50.565,72.5692,299.91,28,3,3.4,KZ,1621776004
enshi,30.3,109.4833,289.91,95,100,0.98,CN,1621776006
rodrigues alves,-7.738,-72.6509,299.51,75,16,0.94,BR,1621776007
sembakung,3.8167,117.25,301.11,95,100,0.27,ID,1621776008
burns lake,54.2331,-125.7533,271.83,94,0,1.29,CA,1621776010
nome,64.5011,-165.4064,273.19,86,90,1.54,US,1621776011
altay,47.8667,88.1167,290.93,42,1,1.69,CN,1621776012
salalah,17.0151,54.0924,304.2,74,20,6.69,OM,1621776013
aguascalientes,21.8833,-102.3,288.12,63,40,2.09,MX,1621775974
pilot butte,50.4668,-104.4178,280.74,81,90,4.48,CA,1621776017
liepaja,56.5419,21.0367,286.18,82,75,8.23,LV,1621776018
deputatskiy,69.3,139.9,268.27,83,42,0.95,RU,1621776019
mishelevka,52.8575,103.1719,280.29,50,47,2.41,RU,1621776021
tautira,-17.7333,-149.15,297.16,67,100,5.46,PF,1621776022
praia da vitoria,38.7333,-27.0667,292.29,55,40,4.03,PT,1621776026
moussoro,13.6408,16.4901,315.17,5,99,5.56,TD,1621776027
pontianak,-0.0333,109.3333,301.14,82,40,0.91,ID,1621776028
dicabisagan,17.0818,122.4157,300.18,83,6,1.89,PH,1621776030
caluquembe,-13.7833,14.6833,297.62,26,5,2.2,AO,1621776031
obidos,-1.9175,-55.5181,301.99,68,100,1.99,BR,1621775757
the valley,18.217,-63.0578,301.54,78,40,7.2,AI,1621776033
alappuzha,9.49,76.3264,301.5,78,100,3.85,IN,1621776035
vestmannaeyjar,63.4427,-20.2734,282.7,66,20,5.14,IS,1621776036
nortelandia,-14.4547,-56.8028,297.71,89,99,1.74,BR,1621776037
natal,-5.795,-35.2094,301.27,67,75,6.08,BR,1621776038
toppenish,46.3774,-120.3087,282.71,74,1,0.89,US,1621776040
leleasca,44.7833,24.4333,299.35,41,35,3.44,RO,1621776041
kuching,1.55,110.3333,301.27,83,40,2.57,MY,1621776042
isangel,-19.55,169.2667,295.12,69,26,4.41,VU,1621776044
gurjaani,41.7429,45.8011,303.8,28,75,2.18,GE,1621776045
hambantota,6.1241,81.1185,300.93,81,100,7.48,LK,1621776046
obsharovka,53.125,48.8531,305.63,33,100,4.26,RU,1621776047
burnie,-41.0667,145.9167,283.95,87,56,3.32,AU,1621776049
cayenne,4.9333,-52.3333,298.2,90,90,0.45,GF,1621776050
kathu,7.9178,98.3332,302.94,83,100,4.02,TH,1621776051
balsas,-7.5325,-46.0356,303.32,46,100,3.53,BR,1621776053
teya,60.3778,92.6267,286.72,87,42,2.71,RU,1621776054
okhotsk,59.3833,143.3,273.46,93,100,1.21,RU,1621776055
hofn,64.2539,-15.2082,279.41,73,100,5.19,IS,1621776057
ribeira brava,32.65,-17.0667,294.5,52,55,3.66,PT,1621776058
koslan,63.4564,48.8989,289.95,41,25,6.54,RU,1621776059
rabo de peixe,37.8,-25.5833,288.88,54,40,3.01,PT,1621776060
beringovskiy,63.05,179.3167,272.62,99,100,3.68,RU,1621776062
nioro,13.35,-15.75,310.15,16,13,3.58,GM,1621775888
paamiut,61.994,-49.6678,274.4,70,100,7.4,GL,1621776064
udachnyy,66.4167,112.4,277.45,71,51,3.71,RU,1621776065
gondanglegi,-7.7479,112.0132,297.94,89,99,2.01,ID,1621776067
finnsnes,69.2296,17.9811,280.49,43,2,3.87,NO,1621776068
laredo,27.5064,-99.5075,298.15,97,90,0.0,US,1621776069
batemans bay,-35.7167,150.1833,284.25,84,94,0.87,AU,1621776071
leningradskiy,69.3833,178.4167,269.43,93,87,2.17,RU,1621776072
nador,35.174,-2.9287,295.19,75,20,7.45,MA,1621776073
martapura,-3.4167,114.85,299.2,95,90,1.06,ID,1621776074
alta floresta,-9.8756,-56.0861,302.05,79,20,2.06,BR,1621776076
bobo dioulasso,11.1771,-4.2979,309.4,38,0,3.6,BF,1621776077
pacific grove,36.6177,-121.9166,284.97,86,83,0.89,US,1621776078
namibe,-15.1961,12.1522,302.5,58,0,5.14,AO,1621776080
tiksi,71.6872,128.8694,269.68,88,16,4.03,RU,1621776081
vao,-22.6667,167.4833,294.91,63,13,6.86,NC,1621776082
aksu,41.1231,80.2644,298.89,15,100,2.48,CN,1621776019
cheltenham,51.9,-2.0833,286.64,70,100,6.26,GB,1621776085
vidim,56.4088,103.1106,281.0,46,95,2.12,RU,1621776086
kautokeino,69.0125,23.0412,273.52,70,54,3.63,NO,1621776087
bagdarin,54.4333,113.6,277.52,42,100,4.56,RU,1621776088
burkburnett,34.0979,-98.5706,294.53,92,90,1.79,US,1621776090
bereznik,62.8551,42.7072,292.68,35,23,3.11,RU,1621776091
sao filipe,14.8961,-24.4956,295.97,77,16,2.15,CV,1621776092
huntington,38.4193,-82.4452,295.69,89,1,1.76,US,1621775827
flagstaff,35.1981,-111.6513,276.96,47,1,0.0,US,1621776096
saint-philippe,-21.3585,55.7679,298.9,75,71,5.49,RE,1621776098
aklavik,68.2191,-135.0107,272.61,81,98,9.62,CA,1621776099
padang,-0.9492,100.3543,300.18,85,94,1.56,ID,1621776100
trzcianka,53.0406,16.4563,285.59,78,93,4.86,PL,1621776101
half moon bay,37.4636,-122.4286,285.05,87,90,2.06,US,1621776103
tokur,53.1333,132.9,276.14,99,100,2.11,RU,1621776104
bow island,49.8668,-111.3684,277.31,87,100,2.06,CA,1621776106
victoria,22.2855,114.1577,304.44,80,97,0.45,HK,1621776016
zhongshu,24.5167,103.7667,291.03,93,100,2.62,CN,1621776109
ulaangom,49.9811,92.0667,288.39,43,6,2.11,MN,1621776110
mackay,-21.15,149.2,293.53,78,2,6.06,AU,1621776111
linqiong,30.4159,103.4609,293.05,81,100,0.36,CN,1621776113
camacupa,-12.0167,17.4833,298.97,24,0,2.48,AO,1621776114
hailar,49.2,119.7,276.75,90,100,7.87,CN,1621776115
pisco,-13.7,-76.2167,290.38,88,90,0.0,PE,1621776117
eureka,40.8021,-124.1637,279.78,90,54,2.13,US,1621776118
kuito,-12.3833,16.9333,296.28,28,0,2.81,AO,1621776119
lagoa,39.05,-27.9833,288.43,63,6,5.3,PT,1621776120
bara,10.3744,10.7288,308.38,35,18,0.48,NG,1621776122
buala,-8.145,159.5921,299.72,82,100,0.34,SB,1621776123
beloye,48.4952,39.0505,296.66,57,41,3.94,UA,1621776126
shenzhen,22.5455,114.0683,304.38,77,99,3.92,CN,1621776097
usinsk,65.9939,57.5281,285.79,50,96,9.33,RU,1621776128
san rafael,-34.6177,-68.3301,281.74,45,0,2.27,AR,1621776116
cocorit,27.5833,-109.9667,295.26,61,0,0.69,MX,1621776130
kulhudhuffushi,6.6221,73.07,302.3,73,100,6.99,MV,1621776132
huilong,31.8111,121.655,290.95,91,100,6.01,CN,1621776133
acapulco,16.8634,-99.8901,298.05,57,20,0.91,MX,1621776134
flinders,-34.5833,150.8552,289.93,91,96,0.45,AU,1621776136
saint george,37.1041,-113.5841,284.7,42,1,1.34,US,1621776061
topolevo,48.4994,135.1975,293.25,64,0,1.0,RU,1621776138
deloraine,-41.5333,146.6667,279.1,88,31,0.9,AU,1621776139
benesov nad ploucnici,50.7416,14.3124,289.44,69,83,5.47,CZ,1621776141
tura,25.5198,90.2201,301.06,70,20,1.15,IN,1621776142
swellendam,-34.0226,20.4417,299.36,32,39,2.43,ZA,1621776143
miri,4.4148,114.0089,299.23,83,40,2.79,MY,1621776146
gunnedah,-30.9833,150.25,282.94,86,0,2.05,AU,1621776147
koungheul,13.9833,-14.8,310.44,15,2,4.07,SN,1621776148
isiolo,0.3546,37.5822,302.01,42,47,4.14,KE,1621776151
fare,-16.7,-151.0167,300.48,70,4,6.45,PF,1621776152
san matias,-16.3667,-58.4,292.68,89,100,3.33,BO,1621776153
san juan,-31.5375,-68.5364,283.02,43,0,0.16,AR,1621776154
wamba,8.9333,8.6,304.76,57,77,1.21,NG,1621776157
oga,46.4631,10.347,285.2,95,100,2.72,IT,1621776158
san bartolome de tirajana,27.9248,-15.5733,291.66,66,40,8.4,ES,1621776159
samarinda,-0.5,117.15,296.72,92,99,0.87,ID,1621775885
sabha,27.0377,14.4283,313.76,6,0,2.52,LY,1621776162
tricase,39.9304,18.3553,297.79,69,40,7.02,IT,1621776163
maneadero,31.7167,-116.5667,284.51,65,0,2.6,MX,1621776164
kieta,-6.2167,155.6333,299.3,81,100,2.09,PG,1621776166
boundiali,9.5217,-6.4869,310.88,29,16,2.08,CI,1621776167
quatre cocos,-20.2078,57.7625,297.64,72,20,6.62,MU,1621776168
hamilton,39.1834,-84.5333,297.99,74,20,0.89,US,1621775957
pathein,16.7833,94.7333,300.3,83,100,6.09,MM,1621776171
san quintin,30.4833,-115.95,284.51,80,0,1.8,MX,1621776173
nanae,41.8833,140.6833,286.22,98,87,1.44,JP,1621776174
waingapu,-9.6567,120.2641,298.35,82,96,2.53,ID,1621776175
aksarka,66.5606,67.7975,289.77,40,100,7.38,RU,1621776177
landeck,47.1301,10.5636,287.56,76,61,1.22,AT,1621776178
rorvik,64.8621,11.2373,288.21,41,0,5.66,NO,1621776179
nadym,65.5333,72.5167,291.65,31,100,5.23,RU,1621776075
khandyga,62.6667,135.6,280.72,51,100,2.42,RU,1621776182
sidney,-33.8679,151.2073,289.1,92,75,0.89,AU,1621775886
touho,-20.7833,165.2333,293.76,75,0,3.29,NC,1621776186
lazaro cardenas,17.9583,-102.2,297.66,62,82,2.1,MX,1621776188
binzhou,37.3667,118.0167,290.76,51,100,4.7,CN,1621776189
anjad,22.0333,75.05,311.33,17,10,4.2,IN,1621776190
kogon,39.7228,64.5517,307.17,12,0,3.09,UZ,1621776191
aripuana,-9.1667,-60.6333,298.0,94,100,0.32,BR,1621776193
wilmington,34.2257,-77.9447,298.13,63,1,4.12,US,1621776099
liuhe,42.2401,125.7172,281.97,97,76,2.9,CN,1621776195
karratha,-20.7377,116.8463,296.95,49,35,5.35,AU,1621776196
lerwick,60.1545,-1.1494,283.15,65,100,3.51,GB,1621776198
bonavista,48.6499,-53.1147,284.15,92,100,9.94,CA,1621776199
moron,-34.6534,-58.6198,285.91,85,91,3.13,AR,1621775906
nizhniy baskunchak,48.2198,46.8311,310.09,13,0,11.02,RU,1621776201
mnogovershinnyy,53.9353,139.9242,273.4,92,100,2.32,RU,1621776203
geraldton,-28.7667,114.6,290.44,59,75,9.16,AU,1621776204
rocha,-34.4833,-54.3333,286.33,87,79,4.81,UY,1621776205
san felipe,10.3399,-68.7425,300.36,73,100,0.69,VE,1621776206
shimoda,34.6667,138.95,292.68,85,100,4.37,JP,1621776208
obihiro,42.9172,143.2044,284.98,95,100,1.22,JP,1621776209
shelburne,44.0787,-80.2041,296.3,100,89,6.29,CA,1621776172
henties bay,-22.116,14.2845,303.63,31,0,2.97,NA,1621776212
vanavara,60.34,102.2797,283.81,47,100,1.65,RU,1621776213
ilam,26.9167,87.9167,297.05,71,22,0.65,NP,1621776214
kuala terengganu,5.3302,103.1408,302.12,84,20,1.03,MY,1621776215
boguchany,58.3814,97.4531,281.7,83,100,2.32,RU,1621776217
gerede,40.8008,32.1969,287.69,41,10,5.75,TR,1621776218
rio gallegos,-51.6226,-69.2181,278.18,75,0,5.14,AR,1621776103
paea,-17.6833,-149.5833,296.99,70,0,6.63,PF,1621776220
ruteng,-8.6136,120.4721,291.36,96,91,0.57,ID,1621776222
grand island,40.925,-98.342,293.31,84,100,1.79,US,1621776131
birin,26.8865,88.0718,294.39,69,36,1.04,NP,1621776224
acajutla,13.5928,-89.8275,301.37,69,96,2.11,SV,1621776225
bubaque,11.2833,-15.8333,299.52,71,84,3.43,GW,1621776227
bilbor,47.05,25.5167,293.42,45,38,4.42,RO,1621776228
camana,-16.6228,-72.7111,291.74,76,43,2.8,PE,1621776229
maragogi,-9.0122,-35.2225,300.92,61,3,2.92,BR,1621776231
mandurah,-32.55,115.7,287.71,72,100,10.71,AU,1621776233
zhigalovo,54.8097,105.1578,279.87,60,93,1.16,RU,1621776234
vaitape,-16.5167,-151.75,300.43,72,55,6.5,PF,1621776236
comodoro rivadavia,-45.8667,-67.5,282.07,81,0,0.0,AR,1621776237
mexico,15.0646,120.7198,304.16,68,84,1.08,PH,1621776238
kailua,21.4022,-157.7394,296.56,76,75,5.44,US,1621776067
mabaruma,8.2,-59.7833,299.38,94,99,2.77,GY,1621776241
myski,53.709,87.8014,288.94,91,39,1.76,RU,1621776242
dubti,11.7361,41.0853,313.83,11,99,4.26,ET,1621776243
ulladulla,-35.35,150.4667,287.65,82,78,0.61,AU,1621776245
pitanga,-24.7572,-51.7614,286.98,50,11,3.4,BR,1621776246
batagay,67.6333,134.6333,278.58,41,86,1.46,RU,1621776247
bira,49.0,132.4667,290.69,87,100,0.83,RU,1621776250
sioux lookout,50.1001,-91.917,276.36,87,90,2.57,CA,1621776252
bergen,60.392,5.328,287.68,92,75,3.34,NO,1621776253
pabbi,34.0106,71.7989,304.53,22,87,4.63,PK,1621776255
antalaha,-14.9003,50.2788,299.39,60,28,5.37,MG,1621776257
scottsbluff,41.8666,-103.6672,288.39,89,20,2.24,US,1621776258
salekhard,66.53,66.6019,289.53,43,100,8.15,RU,1621776181
xining,36.6167,101.7667,281.23,68,100,5.14,CN,1621776261
iberia,29.9502,-91.7507,295.98,86,1,4.2,US,1621776262
sibut,5.718,19.0739,304.71,49,87,1.99,CF,1621776263
jonkoping,57.7814,14.1562,285.03,82,75,9.26,SE,1621776265
goderich,43.7501,-81.7165,294.28,82,100,7.2,CA,1621776127
kutum,14.2,24.6667,306.94,8,8,6.03,SD,1621776267
yumen,40.2833,97.2,290.56,16,0,6.02,CN,1621776268
taraz,42.9,71.3667,298.38,36,90,4.0,KZ,1621776270
sao felix do xingu,-6.6447,-51.995,301.72,64,94,1.49,BR,1621775986
pangody,65.85,74.4859,288.96,49,100,5.06,RU,1621776273
quang ngai,15.1167,108.8,299.81,90,53,1.58,VN,1621775994
koscian,52.0883,16.6487,291.29,67,100,6.05,PL,1621776277
constitucion,-35.3333,-72.4167,283.03,70,0,3.37,CL,1621776278
alyangula,-13.8483,136.4192,295.08,75,73,5.33,AU,1621776279
dunedin,-45.8742,170.5036,283.04,83,99,2.24,NZ,1621776098
kongoussi,13.3258,-1.5347,312.14,23,11,3.19,BF,1621776023
oussouye,12.485,-16.5469,308.25,36,70,4.64,SN,1621776283
mazatlan,23.2167,-106.4167,295.88,89,75,0.89,MX,1621775921
safford,32.834,-109.7076,287.63,14,1,0.0,US,1621776285
mayo,38.8876,-76.5119,300.92,58,40,1.79,US,1621776286
kahului,20.8947,-156.47,296.95,84,20,3.6,US,1621776001
oxapampa,-10.5775,-75.4017,290.07,83,36,0.59,PE,1621776188
boa vista,2.8197,-60.6733,302.14,70,75,6.69,BR,1621776291
kaeo,-35.1,173.7833,286.11,81,100,6.57,NZ,1621776292
tokat,40.4167,36.5833,279.17,92,100,0.7,TR,1621776294
tocopilla,-22.092,-70.1979,292.31,62,100,1.44,CL,1621776113
merritt island,28.5392,-80.672,299.85,58,1,1.79,US,1621776050
san pedro,14.35,121.0167,303.72,75,40,3.18,PH,1621776297
carutapera,-1.195,-46.02,301.73,76,13,3.5,BR,1621776298
itoman,26.1247,127.6694,300.58,100,40,4.12,JP,1621776300
bonthe,7.5264,-12.505,303.94,64,93,3.41,SL,1621776301
bathsheba,13.2167,-59.5167,300.89,72,29,9.23,BB,1621776304
sept-iles,50.2001,-66.3821,281.62,72,75,4.92,CA,1621776303
launceston,-41.45,147.1667,280.46,87,40,0.34,AU,1621776306
oranjemund,-28.55,16.4333,299.57,26,0,3.28,NA,1621776308
sur,22.5667,59.5289,311.51,31,0,4.42,OM,1621776310
puerto carreno,6.189,-67.4859,301.63,71,96,1.1,CO,1621776311
cartagena,10.3997,-75.5144,301.94,89,40,1.54,CO,1621776216
barcelos,41.5388,-8.6151,293.86,50,6,5.64,PT,1621776313
asau,46.4333,26.4,297.57,49,100,0.72,RO,1621776315
nampula,-15.1165,39.2666,294.12,78,75,2.57,MZ,1621776317
key west,24.5557,-81.7826,299.15,65,20,5.66,US,1621776047
broken hill,-31.95,141.4333,286.99,51,99,4.12,AU,1621776319
pangai,-19.8,-174.35,299.33,83,14,5.86,TO,1621776321
porto santo,33.072,-16.3415,294.36,40,20,6.69,PT,1621776323
korla,41.7597,86.1469,298.06,15,4,1.68,CN,1621776029
shenjiamen,29.9576,122.298,292.29,95,100,5.29,CN,1621776325
ayolas,-27.4,-56.9,286.57,62,0,5.35,PY,1621776327
varadero,23.1536,-81.2514,299.57,54,54,6.82,CU,1621776328
thunder bay,48.4001,-89.3168,279.98,76,75,6.69,CA,1621776286
mangrol,21.1167,70.1167,303.45,69,43,5.12,IN,1621776330
tamandare,-8.7597,-35.1047,301.4,56,5,3.05,BR,1621776332
gubkinskiy,64.434,76.5026,287.38,69,100,10.7,RU,1621776333
rantauprapat,2.1,99.8333,298.79,90,38,1.0,ID,1621776334
fort stewart,31.8722,-81.61,297.61,68,1,2.57,US,1621776336
ternate,0.8,127.4,300.69,77,100,1.08,ID,1621776338
rubtsovsk,51.5,81.25,299.18,35,47,2.63,RU,1621776339
atherton,53.5237,-2.4935,287.16,78,100,6.45,GB,1621776341
luis correia,-2.8792,-41.6669,304.15,66,20,6.69,BR,1621776342
lata,40.1629,-8.3327,295.77,38,5,5.99,PT,1621776343
belyy yar,53.6039,91.3903,287.09,76,40,5.29,RU,1621776344
bontang,0.1333,117.5,298.24,84,100,2.85,ID,1621776347
ozinki,51.1786,49.6769,307.9,19,100,7.77,RU,1621776349
harper,4.375,-7.7169,302.25,73,94,2.38,LR,1621776062
ahipara,-35.1667,173.1667,287.64,77,100,7.53,NZ,1621776353
gomel,52.4345,30.9754,293.62,39,75,6.68,BY,1621776354
quelimane,-17.8786,36.8883,298.12,73,75,3.6,MZ,1621776355
yerbogachen,61.2767,108.0108,281.76,45,66,1.24,RU,1621776357
copiapo,-27.3667,-70.3333,279.98,12,99,1.0,CL,1621776122
the pas,53.8251,-101.2541,279.16,79,1,2.86,CA,1621776359
progreso,21.2833,-89.6667,298.21,80,100,5.31,MX,1621776360
aranos,-24.1333,19.1167,297.79,13,0,5.61,NA,1621776362
kirakira,-10.4544,161.9205,299.29,88,100,2.64,SB,1621776363
matara,5.9485,80.5353,300.01,87,100,5.28,LK,1621776364
taoudenni,22.6783,-3.9836,315.68,11,0,0.86,ML,1621776366
jijiga,9.35,42.8,302.09,11,77,7.74,ET,1621776367
kincardine,56.0667,-3.7167,286.3,85,100,5.7,GB,1621776368
ladispoli,41.9537,12.0735,298.56,77,89,6.6,IT,1621776369
aban,56.67,96.06,281.76,88,100,2.96,RU,1621776371
scarborough,54.2797,-0.4044,286.39,71,100,2.24,GB,1621776179
pucara,-15.9803,-71.4606,278.22,21,11,1.67,PE,1621776375
isperih,43.7167,26.8333,298.67,43,97,2.24,BG,1621776376
yertsevo,60.7966,40.086,290.75,69,87,2.84,RU,1621776378
morbegno,46.1383,9.57,297.93,51,77,2.01,IT,1621776379
karachi,24.9056,67.0822,307.05,46,20,5.66,PK,1621776081
novosheshminsk,55.0651,51.2338,296.3,76,99,7.13,RU,1621776381
ambulu,-8.345,113.6058,297.99,87,15,0.81,ID,1621776383
baykit,61.67,96.37,280.57,93,100,1.75,RU,1621776385
morehead,37.2711,-87.1764,296.48,79,1,0.0,US,1621776388
teruel,40.6667,-0.6667,284.13,68,100,2.12,ES,1621776389
antofagasta,-23.65,-70.4,288.75,67,75,0.96,CL,1621776390
nishihara,26.1842,127.7558,300.18,92,75,3.54,JP,1621776391
santa barbara,34.7333,-120.0343,279.81,58,90,1.91,US,1621776393
srednekolymsk,67.45,153.6833,279.48,57,9,4.55,RU,1621776394
hualmay,-11.0964,-77.6139,291.16,86,68,2.0,PE,1621776395
yar-sale,66.8333,70.8333,290.79,36,38,7.11,RU,1621776397
guaruja,-23.9931,-46.2564,301.07,54,0,3.09,BR,1621776398
mehamn,71.0357,27.8492,276.44,50,37,4.38,NO,1621776399
katherine,-14.4667,132.2667,295.33,59,6,3.07,AU,1621776400
guamuchil,25.4667,-108.1,293.64,64,23,0.99,MX,1621776303
jizan,17.3333,42.6667,309.67,25,70,6.78,SA,1621776403
maroua,10.591,14.3159,312.88,16,97,3.98,CM,1621776200
shirokiy,49.758,129.523,284.56,87,100,4.34,RU,1621776406
